filename,label
IMG_4560.jpg,1
IMG_4561.jpg,1
IMG_4562.jpg,1
IMG_4563.jpg,1
IMG_4564.jpg,1
IMG_4565.jpg,1
IMG_4566.jpg,1
IMG_4567.jpg,1
IMG_4568.jpg,1
IMG_4569.jpg,1
IMG_4570.jpg,1
IMG_4571.jpg,1
IMG_4572.jpg,1
IMG_4573.jpg,1
IMG_4574.jpg,1
IMG_4575.jpg,1
IMG_4576.jpg,1
IMG_4577.jpg,1
IMG_4578.jpg,1
IMG_4579.jpg,1
IMG_4580.jpg,1
IMG_4581.jpg,1
IMG_4582.jpg,1
IMG_4583.jpg,1
IMG_4584.jpg,1
IMG_4585.jpg,1
IMG_4586.jpg,1
IMG_4587.jpg,1
IMG_4588.jpg,1
IMG_4589.jpg,1
IMG_4590.jpg,1
IMG_4591.jpg,1
IMG_4592.jpg,1
IMG_4593.jpg,1
IMG_4594.jpg,1
IMG_4595.jpg,1
IMG_4596.jpg,1
IMG_4597.jpg,1
IMG_4598.jpg,1
IMG_4599.jpg,1
IMG_4600.jpg,1
IMG_4601.jpg,1
IMG_4602.jpg,1
IMG_4603.jpg,1
IMG_4628.jpg,1
IMG_4629.jpg,1
IMG_4604.jpg,0
IMG_4605.jpg,0
IMG_4606.jpg,0
IMG_4607.jpg,0
IMG_4608.jpg,0
IMG_4609.jpg,0
IMG_4610.jpg,0
IMG_4611.jpg,0
IMG_4612.jpg,0
IMG_4613.jpg,0
IMG_4614.jpg,0
IMG_4615.jpg,0
IMG_4616.jpg,0
IMG_4617.jpg,0
IMG_4618.jpg,0
IMG_4619.jpg,0
IMG_4620.jpg,0
IMG_4621.jpg,0
IMG_4622.jpg,0
IMG_4623.jpg,0
IMG_4624.jpg,0
IMG_4625.jpg,0
IMG_4626.jpg,0
IMG_4627.jpg,0
IMG_4631.jpg,0
